{
    "accuracy": 0.9500454132606722,
    "precision": 0.8914728682170543,
    "recall": 0.7371794871794872,
    "auc": 0.8611823361823362
}